title,rating,username,helpful_votes,review_length,platform,language,location,version,verified_purchase,clean_review,sentiment
Claim who accept.,4,morrowthomas,30,22,Flipkart,ar,Nepal,3.8.4,No,every quite sense including six lot never effect fill general relationship save security land record class democrat hundred full nearly recent,Positive
Growth pretty wish.,4,sheakimberly,120,22,Flipkart,ar,Guinea,5.2.6,Yes,ask develop bag also worker pas expert white arm similar compare manager action sure u million crime six member recognize past,Positive
What then spend offer reason whom none.,5,katherineali,130,21,Flipkart,es,Kuwait,3.6.5,No,customer address region try near risk next girl spring paper create upon offer end imagine blood authority family water,Positive
Say dog drug enter director strong student.,1,eric11,72,26,Amazon,pt,Uruguay,5.7.2,No,television loss election small detail red son include good act strategy eat behavior purpose start away use live government thus especially water raise travel,Negative
Purpose here beyond.,5,chloe42,123,27,Amazon,zh,Mayotte,5.8.6,No,pas share must amount lot per manage world make worker exactly develop office approach son long must maybe hour rather company recently least ready,Positive
Care throw piece move firm main economy.,3,rosshannah,48,23,Flipkart,pt,Bahamas,4.3.6,Yes,especially gas contain interest industry sell half hundred conference capital office direction establish dog certainly change south computer,Neutral
Maintain say threat high expert place certain.,3,daniellemcfarland,190,18,App Store,ja,Italy,4.2.7,Yes,live picture last free guess night use election go quickly paper officer practice mr without expect foot,Neutral
Share bar energy choice pressure those finally.,2,joanramos,128,29,Website,zh,Brunei Darussalam,1.7.1,No,occur support author class direction first fact environment popular even know television guy minute late cold take doctor edge season see decision however believe view list approach side,Negative
Source kind hand employee field.,1,millskatherine,184,21,Flipkart,ja,Burkina Faso,2.1.7,No,stuff agreement professional team foot live window music evening know wide recently opportunity lead see theory policy move training loss,Negative
Determine bad personal might son party.,3,justin84,159,16,App Store,es,Isle of Man,3.8.6,No,light across two water local across involve fall discus nature country think join economic resource position,Neutral
Management game find.,4,dbolton,138,16,Google Play,pt,Qatar,1.3.4,Yes,consumer face pm pay evening performance fly charge wide win example account bed,Positive
List race fine follow pick.,1,garnerandrea,111,20,Google Play,es,British Virgin Islands,4.2.4,Yes,form weight argue simply author consider time economic high actually window research window east yes current behind,Negative
Before peace us young personal art popular.,1,martinezjesse,83,19,Google Play,hi,Micronesia,3.5.6,Yes,police cup thought tell design plan foot cold everybody build smile ok real read choice side eat,Negative
Here control affect task simply draw return.,2,rlee,135,24,App Store,pt,Luxembourg,2.2.2,Yes,south cover ready group care together magazine join far couple cost girl run every story trial never attention choice fast enjoy happen,Negative
Guess sea three state.,5,colonjoseph,97,26,Website,de,Armenia,4.9.2,Yes,child executive important focus benefit probably analysis visit condition blood court price moment red eight hand paper audience u decade man threat bag song,Positive
Society nearly measure price.,4,umahoney,163,19,Amazon,ar,Mayotte,3.0.7,No,strong back democratic mind big discus country moment eat personal condition see indeed black police group learn professor third,Positive
Try memory number occur behind.,5,ikelly,40,24,Google Play,ar,Estonia,3.9.4,No,include plan step food drive nation heart nearly season growth language however risk work military year feel develop talk state ready,Positive
Indicate test thank dinner present own.,3,walterscrystal,116,21,Amazon,de,Austria,4.7.1,Yes,economic eight feel notice design baby foot lot major together reflect standard organization feel room office bad argue side girl,Neutral
Nice maintain present cultural pattern save east.,4,adamsrussell,146,23,Amazon,pt,Poland,3.4.0,No,american music change maybe determine anything rule hotel knowledge organization measure develop skill challenge live seat nature energy huge recently seven,Positive
We unit than star add.,3,torresthomas,2,20,Website,en,Greenland,5.7.4,Yes,become public interest give fly order agency fight write pattern wrong kind certainly rate choose rock beat science,Neutral
Ten affect test power discuss herself.,5,mckeetodd,90,20,Flipkart,de,Nauru,5.4.2,Yes,deep national seek nature performance yeah reason property heavy town money eight exist smile peace apply pressure across home even,Positive
Want we difficult.,1,penny21,79,19,App Store,en,Saint Lucia,5.5.2,Yes,cost may leader unit easy morning majority season adult range green without every artist election hit,Negative
Fish they risk she.,3,tali,83,27,App Store,fr,Kenya,2.2.8,No,whether partner personal dinner drive check wife travel forget deal catch range dark catch read together travel involve training show prevent north citizen attack mouth rest,Neutral
Clearly difficult impact why.,5,stephanie33,128,19,Amazon,fr,Saudi Arabia,3.7.4,No,charge could capital ago worry pay paper partner others reach grow read live maybe painting republican hear system man,Positive
Minute later still.,1,richjohn,119,16,Google Play,fr,Martinique,2.6.8,No,computer western keep pay reach term simply part station result hour voice occur movie political,Negative
Single visit receive career.,1,bmorris,101,17,Google Play,hi,Christmas Island,5.1.7,No,newspaper might piece fact huge similar experience coach family try ready tough less position bed may,Negative
Information finally shoulder.,3,lroberts,149,26,App Store,zh,British Indian Ocean Territory (Chagos Archipelago),1.3.7,Yes,time think bed food possible represent clearly run relationship plant risk window partner civil nearly analysis color friend television class certain shoulder,Neutral
Project study fear.,5,williamsrobert,143,23,Amazon,pt,Christmas Island,2.1.7,No,whether activity marriage material space third open little improve bag outside natural people newspaper stay challenge president already,Positive
Receive partner body role pick.,4,webbhaley,29,20,Flipkart,en,Vietnam,1.4.7,Yes,particularly reality organization skin concern lay often use behavior follow today star serve successful assume likely business teacher forget including,Positive
South defense political real effort attack feel.,1,katie15,60,23,Website,fr,Guam,4.7.5,No,interview summer employee offer perhaps pas market role manage conference participant remember without ability agency personal brother summer son increase free,Negative
At chance subject fund heart move.,5,ashleyprice,190,25,Flipkart,ja,Nauru,1.7.9,No,pattern ahead compare form full public trouble something population loss physical throughout mr leg sport argue minute north question new affect officer forward trouble,Positive
Financial force show better word might yeah.,3,jennystevens,8,20,Amazon,de,Rwanda,4.7.3,No,relate fire including market later week democratic company hear also dark begin medium sometimes toward child future low,Neutral
Bill my near even wall sound off.,1,charlesaustin,175,22,Amazon,ru,Guadeloupe,3.0.6,No,break financial analysis summer four threat billion seat serve fly court everybody five kid brother chance event address performance,Negative
Like water century time election guy contain.,2,kristina57,31,25,App Store,es,Libyan Arab Jamahiriya,2.9.0,Yes,anything ahead tough anyone beat hot relate picture real pattern fine stage require provide move wind sense letter capital spend turn life lay,Negative
Per nature wind himself future.,3,bmueller,62,15,Flipkart,pt,Mongolia,2.1.8,Yes,little goal leave color page meet research blood news audience leave opportunity,Neutral
Serious produce laugh.,5,peter97,55,23,Flipkart,zh,Congo,2.9.0,No,name door production back u main option leg never computer attorney board sport side management produce bed stage thought tough,Positive
Image itself deep community cause new.,2,mary24,33,25,Website,hi,Tunisia,2.1.0,Yes,feel quickly truth view response trip wrong old particularly identify camera family hard nature apply reflect star grow technology tend dog reduce hour fish,Negative
Need last green control painting official.,1,jenniferadams,91,15,Flipkart,pt,Vanuatu,3.0.2,No,care author administration return main join wrong case south team throw receive u perhaps lawyer,Negative
Fine apply gas sing light mention light safe.,1,zgomez,32,21,App Store,ru,French Polynesia,1.1.7,No,happen within nothing relate loss real center rule worker worker single let model particular early piece professional protect range much,Negative
Edge past every either scientist.,3,reneestevenson,131,15,Website,es,Palestinian Territory,4.8.3,Yes,along type see risk article list college prevent factor say agree machine camera baby,Neutral
Politics sense break.,5,stevenalvarez,77,19,App Store,en,Lebanon,1.7.6,No,space end red machine son television garden base certain value study sell include produce rise cold official success,Positive
Effort once leave push.,1,jessicachapman,125,20,App Store,es,Congo,1.5.9,Yes,raise hope enjoy eye something high firm morning truth pm truth teach friend environment,Negative
Candidate prevent tonight not whose to receive education.,1,eguerrero,32,21,Amazon,pt,Northern Mariana Islands,5.8.5,No,question year finish action across attack moment rate goal edge alone people arm order thus describe outside business beat,Negative
Century shoulder despite poor.,5,gbaldwin,135,17,Amazon,ar,Antigua and Barbuda,5.9.6,Yes,show realize property show either sit everyone artist home election spend concern attorney woman customer hotel population,Positive
Long identify road speech audience difficult his.,1,imartinez,167,13,Website,de,Vietnam,4.7.3,No,number economy knowledge chance policy professor entire record toward middle vote,Negative
Cause cover rest or majority.,3,sparksdawn,116,20,App Store,ja,Luxembourg,1.5.6,No,radio hundred place movement ball least short computer always course receive piece grow plan,Neutral
Particularly structure ask stage box organization past.,3,brockronald,95,26,Flipkart,ar,Sudan,1.1.1,Yes,administration fund front return deep president mission vote thank chance often already center president likely truth animal red candidate common anyone film soldier,Neutral
Religious order exist really.,4,nschwartz,24,24,Amazon,fr,Cambodia,5.0.9,No,food wish office case student soldier share friend building center collection close old card social place heavy citizen ball account,Positive
Everybody create someone rate why.,1,kjimenez,105,20,Amazon,ja,Paraguay,1.4.9,No,mission include visit particular also conference matter wear physical girl dog brother morning believe gun seven music despite show,Negative
For better scene thank.,3,evance,26,20,Website,ru,Latvia,2.2.7,Yes,approach hair decide edge pattern three analysis science understand compare size machine break time return cup quality,Neutral
Majority yet option student evidence role save.,1,johnhamilton,89,27,Website,zh,Cyprus,1.4.9,Yes,approach job democratic participant concern health leader create grow especially allow arrive carry surface learn commercial gas though page smile point particularly color wife talk beat,Negative
With less catch.,4,xlopez,143,27,Website,pt,Nigeria,5.0.9,No,watch trial together individual analysis yard safe mean international hour special recent better drive next actually rule wear car fast positive look fight reflect teach section,Positive
Book half people.,1,michael81,46,17,Amazon,hi,Moldova,3.5.0,Yes,team audience throw four allow international recently partner offer debate range per friend usually method travel hair,Negative
Question mouth factor per son war speak.,2,lopeznicole,144,18,App Store,es,Benin,2.0.1,Yes,catch friend much power say sell reflect fly today institution approach health laugh may stop like,Negative
Success knowledge fight car smile commercial employee.,4,swatson,107,26,App Store,zh,Sierra Leone,2.5.4,No,today eye body every recent many minute physical fall use listen information scene country soon strong mind official pretty skin main,Positive
Hard day religious program within.,5,nathanfernandez,152,15,Google Play,en,Central African Republic,2.2.9,Yes,chance expect peace claim movement win stuff realize project child draw american first call,Positive
Question bring agent pay.,1,seandavis,69,23,App Store,ja,Azerbaijan,4.9.7,No,building agent use shoulder way choose wife national former relate listen face want wonder chair north trade kind ready rule,Negative
Hard health expect goal within them.,3,lewispamela,55,16,Website,es,Saint Vincent and the Grenadines,3.6.1,No,develop everyone mr knowledge public wish hour make owner memory argue project huge,Neutral
Face make state few one management.,5,ywalker,124,23,Website,hi,Afghanistan,1.3.6,Yes,eye south wife interest cause onto beat debate listen test whether series important trial increase new report sense carry control,Positive
Physical live reason build mention.,1,brucefrancisco,52,16,Amazon,de,Azerbaijan,2.4.4,No,feel policy pm buy program explain conference trade population budget everyone yes seat ok,Negative
Even recently guy move goal.,1,alexanderholmes,1,18,App Store,ja,Holy See (Vatican City State),2.2.6,Yes,leave really group apply guess player western factor police message short consumer behind sell step,Negative
Threat our shake garden report agreement.,5,walkermelissa,143,20,Amazon,es,Cambodia,4.0.6,Yes,include tv clear design story somebody next ready weight suffer republican individual trouble bring capital admit give reality catch,Positive
Continue goal before suffer walk.,4,michael89,19,21,Amazon,pt,Dominican Republic,4.9.6,No,film decide wonder interesting several born affect machine amount blue soldier message arrive budget education property senior site turn day,Positive
Relate news American foreign break exist.,3,gloria73,29,27,App Store,en,Mexico,3.2.9,No,attention standard shake respond commercial senior rise turn surface hand operation keep whatever congress great democrat dinner world buy book career,Neutral
Ask window full organization.,3,bmartinez,22,17,App Store,es,Saint Kitts and Nevis,2.6.9,No,world task thus sort voice happen actually purpose mission put budget house reason within scientist,Neutral
Check perform benefit baby seem should.,5,qharris,20,23,App Store,hi,Luxembourg,3.3.5,Yes,share order series song wall green project wear memory challenge lawyer business majority discus wall ahead scene store marriage ago condition painting,Positive
Maintain body push process rate occur.,1,khart,130,19,Google Play,ru,Macedonia,5.3.5,No,energy gas teacher national weight involve trip fire heavy least computer process single clearly issue fine,Negative
Also price institution method inside after.,2,uchapman,60,27,Google Play,fr,Honduras,3.3.2,Yes,enjoy opportunity help put short expect article opportunity campaign hand special agree game best generation group goal product easy possible travel assume figure front,Negative
Behind front attack song little decide somebody prepare.,1,william46,45,23,App Store,ar,Panama,5.9.7,No,follow best major real day market specific property coach federal cut player wind away sure degree enter father source person response,Negative
Mission hair challenge character.,3,megan65,38,20,App Store,es,Tokelau,4.7.4,No,customer person law shake congress affect reflect television officer produce station visit environmental point speak table trade various risk,Neutral
Evening ahead smile everyone.,5,dawnwilliams,14,16,Amazon,ru,Saint Helena,1.4.7,No,plant suffer environment expert civil rather image box court early still less nice job positive already,Positive
Edge this draw business southern forget once.,1,vshaffer,14,18,Amazon,hi,Dominica,1.1.9,No,area finish fear western public though however style successful door number matter building professional oil simple,Negative
Education his police red total.,4,nicholsjoel,148,25,Website,en,Kenya,4.9.3,No,design blood degree ever impact television argue mouth record nation radio white view guy resource start paper success production wait real,Positive
Likely include subject response theory star station.,5,william56,121,16,Website,fr,Netherlands Antilles,1.7.1,No,travel hotel within eight bed state father teacher civil keep first speech popular smile ever bag,Positive
Consider then war this difference way.,1,rebeccamccann,129,28,Flipkart,en,Congo,2.7.7,Yes,scene law agree appear political picture social carry husband pick finish bank citizen require power candidate order improve vote later card community foreign example base,Negative
Risk country Congress society agreement.,3,joe73,95,23,Amazon,ja,Heard Island and McDonald Islands,4.5.9,Yes,anyone peace outside chance color note add turn law purpose budget require course technology site explain management candidate task outside yet,Neutral
Accept mean herself.,3,ilambert,16,18,Amazon,es,Uganda,5.6.4,No,beat light window huge defense interest others authority news four dog traditional vote whose,Neutral
Might job close say man.,5,angelalivingston,38,18,Amazon,es,Norfolk Island,5.2.5,No,oil employee mean u car report item employee finish without material wind exactly guess involve total enjoy,Positive
Short Congress turn east marriage behind forget.,4,erin16,33,26,Website,es,Holy See (Vatican City State),3.8.6,No,apply chance discover along employee relationship job yet american ground magazine manage suffer term buy behavior test congress collection meet evening one,Positive
High human concern whole tend become system clear.,2,wmitchell,171,23,Website,es,Zimbabwe,4.8.5,Yes,student child ball store process law western price forget analysis performance laugh water trade someone tell soon executive sometimes season natural,Negative
Pass its international American game less.,3,deborahreeves,79,15,Flipkart,de,Venezuela,3.7.3,Yes,building make south financial rate capital story mention majority live none institution series,Neutral
Green one shoulder administration scientist.,2,lwhite,39,19,Google Play,hi,Tajikistan,1.8.8,Yes,picture modern fact join trade local chance campaign total success mission far necessary true message member including let result,Negative
Rise field spend pattern real white push source.,3,martinezalexander,196,22,Website,fr,Bouvet Island (Bouvetoya),5.6.2,Yes,bar theory fear onto lawyer prove space game truth special decision back word else pull adult house actually pretty least,Neutral
Anything account piece require woman support.,2,benjamin67,177,22,Website,fr,Malawi,4.0.6,No,receive could agree loss certain drop teach mr beat show challenge instead bring total school knowledge machine last drug far stop,Negative
Capital fall represent where strategy pull same.,2,kmarsh,113,25,Website,hi,Niger,4.3.8,Yes,toward test discussion art affect office network environmental possible threat bring performance large job claim risk light medical onto rate two table resource,Negative
Box dinner no main year size.,3,carrilloangela,200,19,App Store,de,Ukraine,3.9.7,No,real beat lot community choose man soldier wall management decide another adult thing ground city still thus allow,Neutral
Wide shoulder according strong list expert.,3,christopherwatson,199,27,App Store,ru,Saudi Arabia,5.6.2,Yes,page bit anyone watch sometimes sense window sit participant teach big among black picture treat church factor kid medium run positive free case summer,Neutral
Around place require produce mind fast I.,5,jennifer55,35,25,Amazon,en,Algeria,4.5.8,Yes,picture early send morning skin case investment truth together weight gun ahead certainly act south want fire word clearly article service produce political,Positive
Memory fine future player.,5,johnsonlaura,31,21,Amazon,es,Namibia,2.4.7,Yes,particular chair identify popular thought person peace kind thought sit identify culture feeling already free rise science call yeah exist,Positive
Suddenly doctor federal project spring of cause.,4,pstone,23,18,Flipkart,ar,Bosnia and Herzegovina,3.0.6,Yes,strategy fight institution measure rule success employee medical buy large occur accept fund door second ok research visit,Positive
Tell brother defense list second want hard.,4,guzmanricky,128,27,Amazon,de,British Indian Ocean Territory (Chagos Archipelago),4.1.5,Yes,old state guess better republican stock bank artist thousand live land hard idea next single pm ready way rule indicate clear medium machine leader,Positive
Little result paper seven measure leave.,1,jcontreras,81,22,Google Play,zh,Tonga,2.2.0,No,face mission brother figure hear family agreement central six instead view figure exist standard major business give individual,Negative
Western my serious whatever miss.,4,bshaw,178,18,Flipkart,ar,British Indian Ocean Territory (Chagos Archipelago),4.9.0,Yes,become person perhaps hold fund animal provide kitchen everyone tend religious occur someone religious night buy nice,Positive
Collection century eight bed fill imagine college.,1,howard04,65,19,Flipkart,fr,Iceland,5.9.8,No,conference affect skill early relationship thought know southern parent technology future congress agency month high woman,Negative
Fight image base player.,1,kristathomas,198,24,Amazon,de,Mauritania,3.1.0,Yes,central throw election walk tonight appear dream others door meet boy art let imagine machine imagine though especially white push east never,Negative
One member animal school none.,4,christopher12,163,16,Website,ar,Saint Kitts and Nevis,1.1.7,Yes,mr interest treatment later let stop eye art two event economy quite successful,Positive
Including time reflect several.,5,cobbdebra,147,20,Flipkart,fr,Belarus,3.6.0,No,decision measure soon war play woman remain early work game least outside administration reality position ability live top,Positive
Doctor management guy exactly toward.,2,adrianjoyce,146,22,App Store,fr,Northern Mariana Islands,1.8.5,Yes,throughout staff knowledge heavy group concern recent across leg view know develop exactly tv group bed party field,Negative
Ability interview pull practice take follow such.,5,rhill,139,22,Website,ru,Malaysia,5.0.6,No,thank notice management necessary process radio compare open second camera value talk thing rock ever summer age wide question pas quite,Positive
Something various subject east list when strategy start.,1,sherryparsons,162,22,App Store,zh,Nicaragua,3.0.5,Yes,guess service different everyone information large accept create bank occur agent within interest avoid economic clearly financial personal benefit lose space,Negative
Far high benefit.,3,mhall,61,15,Google Play,pt,Solomon Islands,3.2.0,No,personal often beat art almost finish summer site artist sort area particularly big argue,Neutral
During someone art find.,5,ppalmer,86,21,Flipkart,ar,Saudi Arabia,4.2.2,Yes,action somebody people fund visit situation law foreign court bill organization subject toward call meeting green loss per,Positive
Country little reality level realize system.,4,christina65,9,18,Amazon,de,Central African Republic,1.3.0,No,must certainly light owner fact wife military price arm medical strong teach instead crime customer training size,Positive
Current exist despite.,3,jennifer58,131,23,App Store,ru,Ecuador,4.4.0,Yes,treat many turn police really level defense lose shoulder spring day contain wrong guy available air boy fact create one analysis,Neutral
Third capital couple mouth.,3,louis63,91,18,Google Play,zh,Uruguay,3.1.5,No,successful treat quality skin book figure drive special produce wait young think assume,Neutral
Debate thus later.,4,randytorres,190,29,App Store,ja,Tuvalu,3.2.7,No,onto take family chance easy picture evidence call meet major road six ask meet seem population meeting material less focus hear reason resource manager environmental husband tv,Positive
Better author although customer cultural.,3,john43,132,25,Amazon,es,Romania,4.1.6,Yes,church successful effort seem far million discover american mention later source first conference doctor population grow bar successful mention poor skill,Neutral
Serious reveal left social fine could show.,5,cclark,75,20,Amazon,es,Timor-Leste,1.5.4,No,sell science treatment across federal state watch state serious activity pressure writer week tend dinner rich decide,Positive
Nothing sometimes trial off hospital high.,4,ybrown,154,18,App Store,fr,Comoros,4.5.7,Yes,hear officer campaign wall act special fund industry rate idea single mr age size two child well,Positive
Sea home tough deal that finally stand.,3,kmoore,157,23,App Store,hi,Wallis and Futuna,1.1.6,No,forget police fight commercial push concern major cost attorney white exist process attorney arm million commercial teacher improve church book movie,Neutral
Statement sure indeed conference pay it his probably.,5,longsonya,191,20,Flipkart,en,Dominican Republic,2.9.7,Yes,data respond learn cut yard knowledge station painting east forget notice make leg say explain thing lead red republican father,Positive
However action boy true force.,2,ewashington,17,23,Flipkart,zh,Belize,3.6.9,Yes,event physical factor trouble recently reveal describe management building hard sense mean single improve close debate ago police put left gas human,Negative
Hospital final appear above.,5,pwang,39,22,App Store,zh,Holy See (Vatican City State),3.7.1,Yes,require likely evidence claim stuff parent concern buy collection provide action event key concern research throughout mother kind answer play mission,Positive
Building degree ground community I first.,5,olewis,93,18,App Store,zh,Bahrain,3.3.1,Yes,customer administration agreement address star quite benefit right analysis mention spring follow phone person various house,Positive
Treatment large memory score me relate actually again.,2,parkerjoann,127,24,Website,ja,Saudi Arabia,5.1.4,No,practice hard attack despite feeling work big movie commercial outside wonder recent question win really forward play fish surface lot friend,Negative
Day approach truth write soon.,4,cathyjames,54,20,Website,hi,Gibraltar,4.3.1,Yes,bag case material dark heart politics draw rise write kitchen theory care fish minute within possible eye agency suggest former,Positive
Even sit bag win huge.,1,thomashenderson,115,21,Flipkart,ar,New Caledonia,1.5.5,Yes,picture ask man west appear yeah voice community nature somebody door back right find return computer eat experience large,Negative
Man understand wait wife health majority.,5,ortizbenjamin,138,22,Amazon,hi,Uruguay,2.2.5,Yes,set standard soldier high take serve tv organization check risk figure exist lose four resource cultural trouble technology,Positive
End lay race effect.,1,alexanderwise,51,18,Flipkart,de,Norway,4.0.5,No,usually class several whatever side seem give remember play happy prepare unit save drug alone spend piece put,Negative
According collection man best similar.,4,pwarren,141,22,Flipkart,pt,France,1.1.4,No,huge million country institution stop education whose safe sell thank body something sport especially decide security,Positive
Ahead doctor magazine set act entire.,4,ortegakristina,134,21,App Store,ja,Armenia,5.1.2,No,color hear region cup consider way late sport control arrive consumer else total impact phone person coach fall help everybody,Positive
Rise thousand catch own than evidence.,1,miguelmontgomery,115,21,App Store,ru,Palestinian Territory,3.2.8,Yes,mission account owner would seven usually list front radio gas firm dream guess huge particularly wish south able,Negative
Size respond all marriage beautiful strategy you.,2,cjackson,110,26,Website,en,Zimbabwe,1.8.2,No,method produce point walk focus plant wide save question hundred partner bank use u would tax toward safe family crime century mind,Negative
Use short over popular help.,2,yvaldez,41,22,Amazon,de,Moldova,3.8.4,Yes,production drive deep send process become respond civil upon total short rest program week provide program two plant man somebody four,Negative
Blood across system firm staff.,3,mary77,50,23,Website,hi,Cameroon,2.4.9,Yes,speak difference break become scientist visit seat break happy table officer ability artist movie suggest woman floor half quickly someone mind,Neutral
Road federal spring treatment city again hot.,5,wgregory,164,24,Flipkart,pt,Saudi Arabia,5.2.2,No,certainly program soon reflect final wrong long stock manager region heavy wonder four still decision run special red apply tend condition,Positive
Big size teach heavy work quickly collection.,5,davisterri,10,22,Google Play,es,Christmas Island,1.9.4,Yes,author risk executive type red nature best food social tend approach leader clear case receive fact certain design security across rise,Positive
Every president happen build bar majority.,5,andrewberry,106,17,Website,en,Montenegro,4.8.4,No,woman practice order wide phone identify alone however common seat simply yard provide bed less,Positive
Television receive accept language.,4,david29,62,24,App Store,hi,Costa Rica,4.1.0,Yes,really behind reflect fear foot continue spend new movie speech major million research buy send whole today,Positive
Reason mission worry goal Mrs decide between.,4,youngjacob,106,15,App Store,ar,French Southern Territories,2.5.9,Yes,either send fear commercial eat animal watch toward fall move cause,Positive
Nor positive memory clearly start first.,3,mgray,183,20,Amazon,zh,Egypt,4.2.5,Yes,whatever democratic grow campaign performance avoid effort power clear lay war put vote century data picture especially plan population,Neutral
Believe give occur example even between answer.,3,stacey62,61,19,App Store,es,Guatemala,3.7.3,Yes,body nature policy guy four event event better woman develop weight situation money open,Neutral
Figure teach water image fine.,1,walterschase,12,24,Amazon,ja,Dominican Republic,5.6.3,Yes,necessary think else rather require price central nothing environment truth religious eat participant religious consumer worry sometimes maybe every walk thing,Negative
Reflect see each school week statement.,3,lawsontami,147,17,Amazon,de,Peru,2.7.8,No,offer experience upon space action way quality look middle thousand recently pattern treat second,Neutral
Stay along leg pay major green past.,4,kenneth10,78,21,App Store,en,Guernsey,1.6.8,No,tough company happen card government anything many color wide full quickly story face low enter able piece hour type upon,Positive
Board just style class government.,2,tsmith,55,15,Website,zh,Congo,1.0.4,No,across issue culture together improve tree choose prevent difficult house federal consider,Negative
Body blue again choose.,5,saundersjoel,167,19,App Store,hi,Philippines,5.0.1,No,expect card inside former program way budget major many race camera seem sister hundred rise score stay,Positive
Pick chance build husband event court certainly adult.,2,christopherwilliams,67,21,Amazon,ja,Ireland,3.0.6,Yes,involve others account lose executive bar investment pay role cost short ten yes easy star cup relationship special red maybe congress,Negative
Hair fight best add necessary technology former.,5,julia98,143,21,Flipkart,zh,Netherlands Antilles,5.4.1,No,record woman develop international article interview appear body hair represent east time consider produce focus experience exactly paper issue edge,Positive
Court nearly education theory.,5,patricia71,115,19,Website,hi,United States Minor Outlying Islands,5.9.1,Yes,practice decide thought candidate sea build treatment cover knowledge better walk people feeling listen set move child,Positive
Close seek his single.,1,nlawson,100,15,Amazon,zh,Colombia,5.5.2,Yes,lot model weight cold ever face article win couple sport manager mouth message,Negative
Politics eat statement.,5,smithmichael,130,18,App Store,ru,Netherlands Antilles,1.0.0,Yes,occur option across mention mean result else fast environmental budget difference move factor policy walk everyone card,Positive
Thank plant nearly stage determine.,3,james62,121,20,Website,ar,Kiribati,2.9.8,Yes,bar relationship near reveal impact particularly foot arm staff station room evidence eight administration price test voice reveal read,Neutral
Case seek activity between himself body add.,3,andersonkayla,156,20,Amazon,fr,Ethiopia,4.9.4,No,happy total behavior consider continue television country make role positive stage reach could century interview lawyer population,Neutral
Agency interview challenge pretty difficult.,5,tmcdaniel,130,24,Website,ar,Swaziland,5.4.7,Yes,outside society act social stand system cause service throughout spring film look argue reality physical stay bill father memory student center,Positive
Then even material hard enter trade.,3,mccormickmichelle,84,19,Google Play,ja,Canada,5.4.0,No,man yard different example baby free type turn time page concern outside quickly change project feeling stage,Neutral
Himself near much manage movie.,3,patrickcarpenter,167,18,Website,pt,Italy,2.0.9,No,floor hospital return size long attack official certain follow camera good management loss win pm catch,Neutral
Help ago who he.,2,batescharles,134,22,Website,ja,Taiwan,2.3.0,Yes,since specific despite beautiful gun data sure gun listen card body treat guess far century table tree drug still argue case,Negative
Page community civil.,2,rwall,4,17,App Store,zh,Yemen,4.2.6,Yes,air half bad baby notice sport change consumer security recognize federal front sit receive expert choose,Negative
Still close sound position crime board.,4,coxkimberly,128,21,Website,ar,Grenada,1.2.8,Yes,never stop try maybe remember interest church win miss within hundred argue hot state wish painting baby realize local present,Positive
Crime sell rise wind reflect best imagine.,5,shawkimberly,83,20,App Store,ru,Anguilla,4.5.2,No,executive must assume others series finally necessary point allow worry low answer behavior final wonder seem,Positive
Fact perhaps vote always require raise.,5,jasonbishop,87,19,Website,zh,Belarus,3.9.7,Yes,local also claim radio bad personal well discus democratic shoulder claim white might rock prepare u game size,Positive
Major guy expert important people quite kid.,2,nathaniel68,71,24,Website,hi,Korea,2.4.4,Yes,physical marriage source central natural sit beautiful behind finish value claim office government author represent leave worry without shake kind vote,Negative
Too let beat rule true two should.,4,richardbrown,81,14,App Store,zh,Guam,5.4.4,Yes,per popular scientist start account fact citizen human authority hold left behavior letter,Positive
The modern prove else store begin top.,5,tabitha42,173,24,Website,ja,Congo,4.5.2,No,defense scientist boy lawyer nation certainly degree nothing write similar artist smile without degree deep age serve institution edge compare center event bank,Positive
Wall tax plant police official already second.,1,robertpayne,73,27,Google Play,zh,Chad,4.4.7,Yes,loss movement six whole join tree statement night throw cup pattern food worry voice sea say first character learn challenge ten box wide image minute,Negative
Learn health need class.,2,qjames,137,19,Amazon,ru,Portugal,3.2.1,Yes,democratic decide course quickly western hair film standard record power lay improve goal mission share box,Negative
Account hear difference exist they enough.,2,anunez,12,27,Website,de,United Arab Emirates,2.0.1,No,plant reduce visit town student bed administration usually billion know ok allow face inside development lawyer high crime light buy whose trial include,Negative
Mean place six successful.,3,mary25,183,24,App Store,es,Costa Rica,2.0.8,Yes,allow ago subject million scientist fish color occur involve new cover popular stock soon official player within community tough military join,Neutral
Bar century age world term.,4,stevenscaitlin,167,22,App Store,ar,Botswana,2.4.5,No,agent activity show check peace win score candidate law place group dream today father movement early sister skill side process,Positive
Low pass national citizen score unit.,1,catherineherrera,196,23,Google Play,pt,Malaysia,2.8.0,Yes,energy congress back suddenly tree debate beyond somebody including baby reach heart finish traditional speak conference act condition note parent wish,Negative
Two economic cup suffer response which.,4,silvakatie,45,16,Google Play,ja,Georgia,4.2.4,Yes,describe half together ahead catch base reality environment loss well give necessary family seat many mention,Positive
Air conference follow so group authority.,1,nathan51,76,21,Website,pt,Algeria,1.5.4,No,west maintain third interest section staff performance parent current good today standard last threat education important page theory wear,Negative
Spend cup anyone management another ever.,5,martinezgeorge,134,17,App Store,fr,Greece,5.7.4,Yes,response degree nothing focus discussion money bill everyone part third teacher avoid throughout instead series,Positive
Management political treat successful visit bill difference.,1,taylorvictoria,84,25,Flipkart,ar,Tokelau,3.2.0,No,door adult situation office left capital already truth although population attorney believe sort rich ever send hundred news finish partner hotel recent,Negative
On build floor challenge.,3,qwalsh,145,18,Flipkart,fr,British Virgin Islands,5.6.6,No,difficult right speech staff mr read appear third amount water avoid forget partner speech establish color,Neutral
Method finish want remain pretty summer black.,1,jefferycox,102,22,Google Play,fr,Korea,2.7.5,Yes,drive long majority exactly significant lot begin represent good structure drug reason avoid manager defense provide life maintain future sport,Negative
Meet apply evening best possible rule.,1,mlee,66,22,App Store,de,Iraq,4.4.5,No,message sister could everyone clearly film thank possible challenge seat drive thus environment live goal brother nearly great deep however,Negative
System reach color race coach.,5,rachel20,185,29,Website,en,Papua New Guinea,3.5.3,Yes,every parent million body anyone eat book boy time offer draw mother every record identify hotel detail station reality manager commercial data pm relationship explain continue traditional performance,Positive
Fight save laugh same.,1,elizabeth45,119,19,Amazon,fr,Kuwait,4.8.4,Yes,free concern enough baby quickly table order wide major easy admit quite fact direction sense simple,Negative
Create western police whole.,3,harcher,94,19,Website,de,China,2.2.7,Yes,feeling free military professional tend machine establish mind policy without task process center marriage scientist wind grow,Neutral
Administration American executive or apply.,4,adam50,191,24,Website,zh,Australia,4.8.7,Yes,thousand hospital individual yes finally american mind gas partner item note society get body across chair race model face newspaper class main ask,Positive
Throw turn others community.,2,ushelton,174,18,Website,es,Spain,5.7.8,No,go exist teacher program shoulder choice beat central run truth fact allow usually eat question hit human,Negative
Because cell trade skill oil health.,1,brian62,144,23,Google Play,en,Iraq,5.8.3,Yes,raise current career never feeling beat note leave contain site street benefit money reason mean rate group government level leave tree ago,Negative
Reduce might no.,2,rtaylor,83,14,Website,ar,Northern Mariana Islands,1.3.9,No,leg several military stuff establish four best fact loss former article science purpose,Negative
Argue business identify work star success.,1,lorraine79,130,14,App Store,en,British Virgin Islands,4.2.8,No,feeling financial writer according machine reach boy check mind easy billion agency medium,Negative
Few population throw people amount trade while life.,4,khill,144,21,Google Play,ru,Guinea-Bissau,4.4.0,No,player continue stand price color score national lose face beyond open happen every history son less spend challenge exist build hope,Positive
Open oil once stop attack ahead.,3,jesseortega,0,23,Flipkart,pt,Luxembourg,1.0.6,No,decision total modern message company charge pretty none least teach cause size type attention stuff low paper congress remain medical probably else,Neutral
News cultural make quickly different score its.,1,christopherjohnson,138,23,Google Play,es,Paraguay,4.0.4,No,food discus sign true somebody black thing rock wind two artist boy suggest authority shake paper subject type fly recognize help writer,Negative
Material anything music against.,2,sandra46,196,23,Flipkart,ja,Romania,3.6.7,No,almost cell accept similar nothing ten future radio many strategy list goal peace next case attack heavy audience back site fear,Negative
Dog authority way toward.,4,reedchad,20,22,Website,fr,Israel,3.1.2,No,citizen explain move drop military matter human arm recently book likely true enjoy air full end free share cause natural safe,Positive
She receive involve interview case just.,5,michael56,32,21,Flipkart,en,Uruguay,1.4.7,No,upon thought long rich bit market different go local sit theory direction ago site cultural part raise adult lot,Positive
Price prevent baby voice day relate spend.,5,scottturner,97,19,Flipkart,de,Haiti,4.5.2,No,discussion open dinner section thousand soldier nothing yard address spend baby camera congress analysis glass pretty factor paper,Positive
Arrive take himself affect.,2,ccruz,185,28,Google Play,en,Czech Republic,4.9.0,Yes,fall president money environment recently approach relationship perform evidence data case discover score decision head staff center within recognize practice law box material almost everyone,Negative
Weight usually explain yard movement interest.,2,francisco67,17,21,Google Play,pt,Samoa,1.7.9,Yes,continue issue appear figure must girl ago participant throw two special opportunity serious game stop role save arm body,Negative
Design around voice everybody particular finish ask.,2,jonathanbuchanan,189,25,Google Play,ja,Eritrea,4.3.8,Yes,car address son week beat economic front house ever environmental economy president sign activity fill produce structure summer kitchen admit across already grow point,Negative
Glass back kitchen memory down.,1,ashley61,35,20,Website,hi,Norway,2.9.5,No,camera piece chair peace anyone boy although range team oil among response weight yeah window administration suddenly support music,Negative
Require vote her old price change several power.,2,benjaminvictoria,77,18,Flipkart,ru,Monaco,2.6.4,No,central force small friend impact present likely wind perform happy fact change option blood deep finish respond score,Negative
President painting large industry notice step.,1,sarasanchez,142,25,Website,fr,United States of America,4.8.7,Yes,piece safe much building sometimes parent process minute first crime offer treat gun lay security break drop run gun goal measure,Negative
Car term truth toward.,3,david83,164,22,App Store,ru,Rwanda,3.6.6,Yes,program painting somebody game brother impact measure chance management thing cup conference law building enjoy never u sea call alone issue real,Neutral
Time order have power.,3,lflores,96,19,Flipkart,ru,Madagascar,4.3.3,No,front station participant blue reveal available wear treat piece scientist job serious record safe rich operation star meeting,Neutral
Girl close explain main.,2,nicoleroberts,118,20,Google Play,ru,United States Virgin Islands,4.6.8,Yes,evidence significant discussion manage answer military modern meet expect serious well sport writer decision mind offer past,Negative
Respond try build threat.,4,ibaker,62,20,Amazon,de,Fiji,3.1.7,No,send project cell deal stuff senior agree total whether music sometimes according hard example way interview know call law,Positive
Account carry heavy wall pull enter charge sport.,1,mcampbell,137,21,Flipkart,en,Norfolk Island,3.6.9,Yes,sound season develop avoid church friend piece mention since religious fire item usually fish success produce along,Negative
Themselves property make picture our.,1,ophillips,48,16,Website,ru,Bouvet Island (Bouvetoya),2.7.3,No,week tax see attack newspaper decade although read party piece doctor give west,Negative
Article sign energy fish hot kind.,3,dgreen,3,18,Flipkart,de,Ethiopia,1.7.3,Yes,information language easy interesting computer produce girl huge similar low source major include dog fact medical three,Neutral
Teacher director soon treat former democratic.,4,shelbyjohnson,61,24,Website,zh,Angola,3.6.7,No,fund stand final important occur coach deal personal particularly music wear sister four good decision movement world study,Positive
Painting charge save society create paper fine.,3,ronald04,66,21,Amazon,ru,Falkland Islands (Malvinas),4.7.1,No,bill huge machine church feeling discover significant easy evening buy six pretty stand theory technology baby mean region run sea,Neutral
Side language live board financial century.,3,davisgary,52,19,Amazon,zh,Tonga,4.0.9,Yes,wide office heavy involve develop image everything traditional mouth admit market hour head national board difference window,Neutral
Recognize heart series class security coach.,2,hkane,4,28,Amazon,ru,Argentina,5.9.6,No,economic center pattern list rich note discussion edge find full character focus environmental decide none major matter dog leave lot never science run tv,Negative
Decision form section you until clearly resource.,2,asmith,50,22,Amazon,de,Christmas Island,4.9.3,No,manager phone modern cause industry across brother yet result mission past practice center model daughter pas research mind economy,Negative
Must process back check room evidence enjoy.,5,martinezalexa,167,22,Amazon,hi,Oman,4.7.7,Yes,attack find could really mr former article light choose go next general add cover exist treatment international role happen short various,Positive
Force matter bring nice help history listen.,3,mary58,43,20,Flipkart,ru,Belgium,4.2.8,Yes,form sign option everyone southern protect list collection situation sound chair close follow time appear memory keep,Neutral
Him condition section action kind.,5,adamcollins,8,20,Google Play,en,Bhutan,1.6.2,Yes,success western watch street represent style night majority smile rate newspaper give term talk side generation interest pay,Positive
Space although ahead thus check save that.,1,christopherflowers,181,18,Flipkart,en,British Indian Ocean Territory (Chagos Archipelago),2.8.7,No,trouble actually event positive politics huge yet region ever wife statement tell young place make list,Negative
Challenge entire common and part read important.,1,collinsann,158,20,Website,ar,British Indian Ocean Territory (Chagos Archipelago),4.0.0,No,pm artist best name work create pas admit student summer first town want might wait idea study prove assume,Negative
Section scene financial here expert.,1,donald56,4,18,Website,hi,Czech Republic,5.4.0,No,nothing recent leg break bed role control option whole short design hear ball right east study politics,Negative
Before significant election life all.,2,holmescrystal,27,23,Google Play,ru,Lebanon,2.3.3,No,evening current without else keep begin great hair last piece story already strong history mr decision reduce get specific someone debate record mean,Negative
Room list during rich over lot.,3,oevans,68,19,App Store,es,Serbia,3.6.7,Yes,head help open almost red picture thank account instead friend cost group clear national sell keep pattern order,Neutral
Tax job right child new.,2,adam25,76,27,Google Play,en,Bolivia,1.6.6,No,blue international especially officer clearly coach feel others recently model week sell candidate four whether wife finally soon learn close challenge third feeling ball,Negative
Trip population catch could deep itself.,5,patrick26,121,26,Google Play,en,Canada,2.1.7,No,rather recognize tree protect story relationship several benefit campaign several card significant today others move get prove wife agree concern dog gun may ability,Positive
Activity president prove institution approach interesting score.,3,munozleah,144,17,Google Play,ru,Korea,1.3.3,No,hit start alone instead clear radio strong let get run pretty identify southern claim medical,Neutral
Let always test.,3,mrichardson,11,17,Google Play,hi,Poland,5.9.0,Yes,sit republican born condition interest service bag front various opportunity culture spend road lawyer,Neutral
Plan issue ever will.,3,samanthaberger,4,16,Flipkart,pt,Venezuela,2.6.1,No,international push short age environment fall indicate land fear ground already school eat base behind,Neutral
Past much soldier reason any.,2,blewis,144,23,Flipkart,pt,Falkland Islands (Malvinas),4.8.5,No,notice american force although participant rich speech big mention rise front pm institution wear either present third student item bring court end,Negative
Play forget home upon actually future.,2,lynn27,176,21,Google Play,ru,Timor-Leste,3.0.1,No,everybody provide painting travel question evening imagine affect price ever leg play best different remember determine particularly rock participant leave,Negative
Writer heart Mrs her we but how.,2,victoriaduncan,19,24,Amazon,pt,Christmas Island,5.9.6,No,decision recently pull eight allow system whose place generation debate world fight seem later level choose person north indeed share seem exist,Negative
Under concern eye mouth.,1,kathryn21,162,20,Amazon,ar,Hungary,4.3.5,No,short worker without nearly goal design everything picture professional rather plan player maybe mouth different identify series experience,Negative
Leader rich dream line.,4,marcuscarter,47,21,Website,ja,Uganda,1.9.4,Yes,wind improve player peace catch people outside rule watch foot coach personal range weight age smile hope memory cover,Positive
Positive move agency lose rise fall huge state.,1,coxjennifer,21,24,Amazon,fr,Madagascar,4.2.6,No,officer learn raise kitchen drop computer left political study training reveal attorney security radio image mind like history situation whatever third mr,Negative
Challenge eye determine he.,3,jennifer42,27,25,Google Play,en,Mongolia,3.7.5,No,investment buy certainly energy stay send born college include fund tree decide best politics available tonight man employee far know skin record nothing organization,Neutral
Image peace color general choose system fire.,1,nicholas72,33,16,Google Play,fr,Trinidad and Tobago,4.7.8,No,little key far season reason chair factor pm surface chance activity hair meet thank,Negative
Suggest Mrs bag something land mission each.,1,hannahcurtis,6,26,Google Play,zh,Ecuador,5.1.9,No,compare today add water garden finally difference everything sing smile practice ground notice police activity second standard skin together scientist hair allow phone weight medical even,Negative
Between operation our feel act.,4,hcallahan,3,21,Amazon,ja,Saint Helena,4.1.8,Yes,concern without entire everyone sea safe true town car debate one ok less mr sit five plant cultural bring bar,Positive
Assume it fight understand.,5,rpeterson,133,26,Flipkart,ja,Martinique,2.2.4,No,since crime south pas lead senior manage computer medical exist population enough mother game question personal born series consider according throw meeting many,Positive
He fill risk stop firm.,3,ronald66,126,24,Flipkart,es,Albania,2.6.4,No,cover board discussion film figure short line range decision public food court commercial citizen production might listen organization indicate risk director enjoy,Neutral
Blood during for look return.,3,ccrane,123,18,Google Play,zh,Slovakia (Slovak Republic),3.3.7,Yes,area impact position cause lead ever stand dark product eight strategy focus nice current democrat,Neutral
Foreign national produce news stage.,4,taylorkayla,27,21,Flipkart,hi,Trinidad and Tobago,1.6.5,No,reach training main exactly parent heart big policy everybody hard book care seek foot simple including charge character federal customer,Positive
Not yet where.,3,kristy74,112,21,Amazon,ja,Montserrat,5.2.4,No,whatever guess significant section democrat fly direction gun current effort section age budget improve main answer tree mention,Neutral
Practice authority possible fund.,5,zpreston,177,14,Flipkart,ar,Montserrat,3.2.6,No,north wind sister mother sometimes life practice course authority range stand letter,Positive
Music west force firm.,3,dominiqueharris,188,22,App Store,pt,Central African Republic,2.5.6,No,perhaps hope across follow character talk purpose force leader program show great test check significant deal consider ago suddenly,Neutral
Clear decide wait scientist.,4,kara56,93,19,Google Play,pt,Comoros,2.9.8,Yes,turn sign agree want way agent land human day sport behavior compare tree right,Positive
Role today animal suggest concern.,5,andersoneric,6,20,App Store,de,Puerto Rico,4.4.1,No,son growth effort born lead account sound beyond growth finally assume watch present director red practice special administration,Positive
Marriage fill personal.,4,christy00,35,15,Amazon,de,Greenland,3.2.6,No,article sort term produce increase information company million character speak protect half understand skill,Positive
Light total campaign prevent half party respond.,1,kvasquez,114,20,Website,ar,Congo,5.6.8,No,alone trial another help modern citizen address today begin write less indeed together key tax speak,Negative
Foreign hear certainly say.,5,adkinslauren,9,18,Amazon,ru,Niue,5.1.1,Yes,method south central process sea response executive past difficult continue process forget wind property mind officer third service,Positive
Effort southern maintain nature.,3,barnettmatthew,42,20,Website,en,Malaysia,5.6.5,No,woman add play structure however activity lose could thank wife yeah law enjoy key seat pretty method front,Neutral
Consumer star those memory center quite simply.,1,jessicagomez,2,14,Google Play,hi,Nepal,2.8.8,Yes,site interview agent behind window build require call girl laugh network vote,Negative
Interest dark any wide husband hope miss instead.,4,imcdonald,95,16,App Store,ar,Saint Helena,5.8.2,No,none another mouth much really young hear beyond close plant peace successful seem charge walk,Positive
Strong audience white everybody throughout.,1,barberbrenda,123,18,Google Play,hi,Peru,4.1.1,Yes,edge new find type party arrive improve lose civil within hospital city industry option,Negative
Letter one then reality some serve different billion.,3,john76,79,22,Amazon,ar,Italy,2.8.7,No,kitchen public set action bring find bill pick discussion state must particular child senior result american study eight,Neutral
Parent not parent that property among blue.,4,johnstondavid,24,18,App Store,ar,Serbia,3.1.4,Yes,tend exactly right every edge meet information work bar big south drug manager opportunity program billion sit remain,Positive
Piece forget factor.,1,upham,5,17,Amazon,es,Korea,2.3.8,Yes,oil remember page spring responsibility always positive key leave tell vote spend physical sing protect agent note,Negative
Goal Mrs source whole first figure.,5,fowlerlawrence,40,18,Amazon,ru,Luxembourg,4.7.3,No,grow raise good whole everybody situation foot recognize play decide side natural focus husband give spring suddenly task,Positive
Cup bed our theory.,2,jphelps,47,17,App Store,ja,Saint Barthelemy,1.9.3,No,series dark task magazine front guess city follow born ok training record night series mr huge,Negative
Father who tax.,5,amassey,109,22,App Store,en,Micronesia,2.3.4,Yes,government card history suddenly save theory sometimes party wife food different step nature property event manager street work early difficult possible democratic,Positive
Remain movement bit step direction give reduce.,5,stevenandrews,26,23,Website,fr,Austria,3.5.3,No,court control million hundred offer total hit end someone hair soon issue hair floor ground care team worry east mr wonder,Positive
Form now then watch certain.,1,michelle90,67,24,App Store,ru,Rwanda,3.9.6,No,opportunity ask yet large practice time live relationship great western water road require make region wall worry democrat laugh mr,Negative
Recent catch gas benefit great religious.,5,victor24,29,19,Amazon,zh,Iran,4.9.2,No,onto simple audience including claim create woman similar writer ahead rock forward behind idea red rate source,Positive
Wish best raise choice hear.,5,patriciamccarthy,151,23,Google Play,fr,Turkmenistan,3.1.3,No,goal positive bank later behind election article arrive health collection white agree toward teacher western country per consider,Positive
